optimizer,Activation,Advanced,Base,Deep,Regularized,Wide
Adam,0.24750563926523342,0.15,0.2991352387752412,0.2295220032530029,0.2689539023433569,0.19640055995538383
RMSprop,0.3921434227797958,0.15,0.33589671868171495,0.3955419357053819,0.3936117261015228,0.3071338687942073
SGD,0.4895892952637936,0.2862646484216821,0.41394681485574003,0.4751346774777183,0.4888305554251379,0.3828435102958164
