optimizer,Activation,Advanced,Base,Deep,Regularized,Wide
Adam,0.96,0.96,0.96,0.96,0.96,0.96
RMSprop,0.9215625305674309,0.96,0.9005896545403097,0.9100505579038777,0.8982898761122996,0.9076390467386007
SGD,0.843231685467041,0.96,0.8395968919066976,0.8371934632956153,0.822951055297881,0.8504093477092236
