model,Adadelta,Adagrad,Adam,Adamax,ImprovedAdam,Nadam,OrdinalAdam,RMSprop,SGD
Advanced,0.96,0.96,0.96,0.96,0.96,0.96,0.96,0.96,0.96
Base,0.9052119217642471,0.88296533717455,0.96,0.8613093804677363,0.9464867091038985,0.96,0.9456060441905244,0.9226971964775555,0.8178349986953166
Wide,0.9166881917062774,0.9472677423626576,0.96,0.96,0.96,0.96,0.9005122439602147,0.935512097695,0.8320530218211173
