model,Adadelta,Adagrad,Adam,Adamax,ImprovedAdam,Nadam,OrdinalAdam,RMSprop,SGD
Advanced,0.17524014699810997,0.15,0.15,0.15,0.15,0.15,0.15,0.15,0.28041099197505026
Base,0.3874390680576392,0.36393056058072143,0.27126768539648743,0.3265846084354194,0.22739183669087493,0.2451929901151038,0.2875521071883626,0.34914098355419876,0.5140166706485855
Wide,0.2816737616767593,0.30992574228473546,0.15,0.28129020601286364,0.18078415740122178,0.17286751422426694,0.20557823066934955,0.31933343670488534,0.43001651930546164
